f1,f2,Spe
-0.07370536959147089,-0.15463452691986165,1
-0.3612194939401351,-0.24436890497698,1
-0.386667592686454,0.09923259206609561,1
-0.3500700506733949,0.16189522571561615,1
0.2912526126205779,-0.5433793384361518,1
-0.2738798788014065,-0.0417356040947183,1
-0.9192049075860776,-0.373870232907605,1
0.0782022658283826,-0.08548316504539481,1
-0.2431475781901258,-0.07023208746957581,1
-0.7630647437899932,0.37197071276908444,1
-0.44142146346323974,-0.2207381039705636,1
0.1906962473436706,-0.23367811541234523,1
0.22635178694781952,-0.5353270648412078,1
-0.19152967806287957,-0.3017788403353577,1
-0.189896181337634,0.1596891710808528,1
-0.5920509218588291,-0.13133079349320972,1
-0.352375643550373,0.1924686340193968,1
-0.32118479199720107,-0.4828632872164014,1
-0.37785240004648524,0.2147770225797201,1
-0.1596003924003187,-0.23950001941898874,1
-0.1804758335692412,-0.44679019441575946,1
0.021407162589918594,-0.23288113058367338,1
0.002055248002986468,-0.2956599163910834,1
-0.32297879563433485,-0.10096620720090912,1
-0.06049437222540307,-0.6670210909285866,1
-0.26380133063984834,-0.5978940893201388,1
-0.13664309878560693,0.11047445190580027,1
-0.48385339780330605,-0.5377212417077091,1
-0.02267834710019427,0.01244021944266649,1
0.06148507530706068,-0.41490484055938515,1
-0.8209076396292087,-0.07255512315891116,1
0.4407021279079798,-0.5271806613813562,1
-0.18805831801052167,-0.6111165140012547,1
-0.14480202322434302,-0.03359890431055158,1
0.027947266760723566,-0.2505892830928044,1
0.10171894071513546,-0.21826405660940262,1
-0.6439608944492383,0.054395781648235164,1
-0.22182715861253022,-0.2621985425042651,1
-0.5426902943936442,0.2422081772998224,1
-0.48629180051852117,-0.6366290865978718,1
-0.3141201964600953,0.18592832137940302,1
-0.42603907838582167,-0.18378538894614946,1
-0.5788497578890143,-0.05197656162306995,1
0.09992389713668692,-0.25728592439250353,1
-0.6224447965435208,0.09226724856181273,1
0.3039650179002902,-0.5281506616110636,1
-0.020207661550672107,-0.8445342420417061,1
-0.3624717066148163,-0.5762858743780198,1
-0.13974446177188274,-0.17110186834902913,1
0.15297622432301064,-0.6948483276610876,1
-0.26785631798182546,0.23219731289926543,1
-0.4483981176957358,-0.2496069214882573,1
0.08088145158172483,-0.24542127198921376,1
0.0203417279337587,-0.5146582874151842,1
0.04594872223926871,-0.08592189698612314,1
-0.21105766609824472,0.1607486688638281,1
-0.05923539529698,-0.1828495771744588,1
-0.12472604734402487,-0.204905739357259,1
-0.5258322486212159,-0.19947209065620408,1
-0.14658427380753497,-0.17442068206076666,1
-0.2980796871855307,-0.03400535268203375,1
-0.35666450638080804,-0.1112043070501488,1
-0.44793309403170123,0.0672566925285504,1
-0.4568652318813635,-0.34396740693264305,1
0.0028907797581595868,-0.518259905729439,1
-0.630513801312805,-0.10877689652734393,1
0.16120741767751987,-0.5025184316236162,1
-0.1876119843648894,0.010181532179400266,1
-0.5002563255429864,0.31106087987560027,1
0.030496305634261284,-0.04533070095955091,1
-0.27892349514713294,-0.10957746423165024,1
-0.6144578670516797,0.45496553510359083,1
-0.17011465297582679,-0.05631106225331378,1
-0.2954563598472282,-0.06969467136880625,1
0.4330373122619282,-0.9943914063531416,1
-0.11308839073291789,-0.29494036105444743,1
-0.5317409300915337,-0.02756400481479654,1
-0.1466380746635036,-0.07723806822255344,1
-0.4166815625444634,-0.11886067134973972,1
-0.1588676521048152,-0.21798205831223239,1
-0.5059247990589392,-0.00949389348421105,1
-0.38436342394679623,-0.015543643320069633,1
-0.4311463580561987,0.2957471803491637,1
-0.09576100374318355,-0.2686246502963433,1
-0.4692018178090236,-0.4153169819525818,1
-0.01751619237848226,-0.1809683730975754,1
-0.11894119485254924,-1.0894041387790727,1
-0.9000127378542762,0.0679138911616945,1
-0.29131374553453226,-0.07837558538118988,1
0.06707266781561005,-0.08802017199562898,1
-0.8986792661294318,0.0346905899676713,1
-0.5073120146358402,0.18639459048159052,1
-0.44672714461150154,-0.12839780410236035,1
-0.5834775068980699,0.0633724587902961,1
-0.08745648389604954,-0.22966766339151024,1
-0.5588638263987696,-0.2934394861810875,1
0.22294945798738672,-0.32257218071684646,1
-0.663734691605012,-0.2573626089084158,1
-0.6641051293810942,-0.12578451859564466,1
-0.06335791201989079,-0.5621642909183469,1
-0.2501669930182001,-0.46980180647632136,1
-0.25330987048711806,-0.3944022209322852,1
0.12489004297706566,-0.9060257495711472,1
-0.5051013438688762,-0.5716731694078466,1
0.2526941281006658,-0.37829915769819233,1
-0.11739959503040863,-1.0831324206843633,1
-0.6404779906769354,-0.530592507094186,1
-0.049477479481147564,-0.6423046863733382,1
-0.3889572186679576,-0.36669756256634745,1
-0.5601622152299676,-0.41731122065960324,1
-0.29912255423159084,0.1861829404980221,1
-0.6071982079170518,-0.8920385885926317,1
-0.2595158132892612,-0.08248866747074532,1
-0.3858198553610379,-0.278508078702299,1
-0.35881032357043685,-0.14101941594942774,1
-0.5879464780680638,-0.7102825482849968,1
-0.19481724685136467,-0.19880282637024,1
-0.30092680391813287,-0.12498000892311256,1
-1.12495523969968,-0.5722309013944963,1
0.09562822035523313,-0.44285935900437373,1
-0.1739443063687145,-0.3802923284897507,1
-0.1948890570819975,-0.752713252461162,1
-0.2959785433432382,0.10685538660848357,1
-0.13928732845741165,-0.2520830910419532,1
-0.8320805234593948,-0.06871007906082685,1
-0.3942639914019672,-0.45099307669031335,1
-0.6706245095266257,-0.07798848320478954,1
-0.3206460950149156,-0.3410688113011253,1
-0.44463449952821454,-0.3229023335898226,1
-0.1773699014976403,-0.010238186360276916,1
-0.28706062330019194,-0.1420396175964948,1
0.08649906668382246,-0.4460008867402061,1
-0.6933186038531807,0.023842064062472496,1
-0.16649658032378895,-0.6828216702810647,1
-0.48891940606721307,-0.3441649145549035,1
-0.6204859115673432,-0.2769848924400402,1
-0.04892601887751189,-0.41489237653552863,1
0.13136245843184574,-0.8195097829419814,1
-0.5364201249961524,-0.27868047361492804,1
-0.40266666383654515,-0.1769073943614065,1
-0.09235579417131785,0.028573292750697754,1
-0.3801283231384045,-0.11293297295183816,1
-0.3278041617068304,-0.2379185701801661,1
-0.10686158045944555,-0.21943375100772328,1
0.4566923935291921,-0.8479591735861189,1
0.06431716132269683,-0.2803890776421222,1
0.039130340816236786,-0.061747819451767647,1
0.1662315696028426,-0.7942013294316314,1
-0.14834298109842478,-0.7241473452684548,1
-1.2014806509508866,-0.20501253456239166,1
-0.4485574442521699,-0.16056923059949058,1
-0.49889794966885026,0.17698432404906544,1
-0.12491978151131947,-0.49354644579017753,1
-0.8551585711842347,0.20297107518228386,1
-0.3870723061418453,-0.508329430222845,1
0.08872183435104886,-0.4613921628875429,1
-0.06317179392559477,-0.23958899229790204,1
0.4692739339280496,-0.6332855267863651,1
-0.5178852217081213,-1.0485199702210157,1
-0.05255742649047184,-0.42305036992670786,1
-0.11707889983542252,0.01597408591558966,1
-0.4813323714956905,-0.21092797355815074,1
-0.023855424810810336,-0.6534447239608143,1
-0.02247623693215829,-0.18726419350007284,1
-0.11157630401922775,-0.0977045372712159,1
0.002258131269835248,-0.035088659479985795,1
-0.5547041664355334,-0.2885907866472093,1
0.13595584935840127,-0.28058699793265207,1
-0.18048078880913004,-0.3116782906108453,1
0.293160665026832,-0.32861275955109825,1
-0.44479710836614383,-0.7406003637474141,1
0.06856976951335034,-0.11891694876620439,1
-0.23407515672564835,-0.16928980763040022,1
-0.2877451969007711,-0.3243492045439802,1
0.15447960706668903,-0.17366826661374332,1
0.27718758825467815,-0.6029086147764297,1
0.26663287522828527,-0.3990941171862834,1
-0.08919996164357225,-0.12135260994050072,1
-0.5951240643274799,0.2384510622100634,1
0.0026132435001705034,-0.49209423751398546,1
-0.30891032379741523,-0.09076138363325194,1
-0.2647630595379378,-0.5112586638023093,1
-0.8043999638059731,-0.4459633141613927,1
0.3733928909499924,-0.4546854410013454,1
-0.12317397973025224,-0.1762252068660708,1
-0.8399365968379426,-0.42438720486772696,1
-0.31294238088705806,0.014543647481872202,1
-0.3616405641630861,-0.07817920800376257,1
-0.5367542740117328,-0.11310872560241933,1
-0.11991472713281195,-0.33309497998880105,1
-0.3532611649042037,-0.3307778076747183,1
-0.3335470343650662,-0.5549406936514072,1
-0.6805520469639731,-0.9907642673534816,1
-0.3421291918184518,-0.11489151271844288,1
-0.28097157333207723,-0.2700133550006387,1
-0.23945827353024518,0.010275400813220453,1
0.1849797655960854,-0.3710155940958051,1
0.1491460934886084,-0.2565770767067239,1
-0.046004046244044604,-0.022917558897175574,1
0.13357997826513127,-0.22316724703581237,1
-0.14479051152525357,-0.5750078920880393,1
-0.143063837084199,-0.8142713944132568,1
-0.16108502084960796,-0.7144006869162415,1
-0.23991167061293406,-0.46746225805827357,1
0.01579239387153951,-0.07788167668681772,1
-0.4754085427553374,0.12685138243522132,1
-0.2780336116921658,0.15030783176161489,1
0.15508934959469836,-1.069670754178539,1
-0.26933867769311487,-0.13324029325594292,1
-0.6685587064597007,0.06081879166625065,1
-0.2828554132483048,-0.12663838637706343,1
-0.4036674228658014,0.2957640975347469,1
-0.11126951028309688,-0.07850416299449109,1
-0.11937622422586144,-0.36630022843046917,1
-0.3276065419734929,-0.020894323823976907,1
-0.6854211174249407,0.5592877985607216,1
-0.09902983991263571,-0.11244389034517549,1
-0.1445921831315385,-0.4697480220167109,1
-0.5077727103527464,0.49589973592187087,1
-0.3628974491070801,-0.0007060928619300744,1
-0.14786649553883788,-0.17033262207415376,1
-0.6148270642312945,0.014671207846169099,1
-0.07879704362374984,-0.08587608761654439,1
-0.03550907806824427,-0.1549295130476377,1
-0.36004259267879357,-0.24600386293996954,1
0.25774583627095826,-0.43867457368798685,1
0.16393856737597143,-0.5941215546925198,1
-0.009700479376096499,-0.4700487297528615,1
-0.9410063900377547,0.3663534237057486,1
-0.35472884347211375,0.316228747902781,1
-0.40685346908900766,-0.4190616651720248,1
-0.040945732935450674,-0.29340637553243154,1
-0.13788534930230306,-0.06189225123545694,1
-0.5404138738710513,-0.8839850912170989,1
-0.5293255966554389,0.3836286174811706,1
-0.34718688309992174,-0.4341557355275966,1
0.16071371637002965,-0.3131612948112453,1
-0.12465222096079363,-0.23688697132318462,1
-0.2320886495878503,-0.3451346469503894,1
0.015620994119739703,-0.3327020412203401,1
-0.35529027084682185,0.285131166118626,1
0.04366424089856452,-0.5341780174474708,1
-0.10007299401161136,-0.13073237833322235,1
-0.23894116937082766,-0.0014225909642089363,1
0.29082545765144563,-0.381497391058219,1
0.02996102022430913,-0.45416410604795865,1
-0.6225428172773838,0.2717798075076945,1
0.03870252757032919,-0.12146319433589278,1
-0.03596782648152917,-0.3348885381715754,1
-0.09986381401413881,-0.02702932912215554,1
-0.06909528131767587,-0.6427037187256004,1
-0.3310847171065555,-0.3258673887981069,1
0.3576438653931603,-0.4559288718303986,1
-0.3696667326986214,-0.3656682625902499,1
0.0725186557583177,-0.39920744825955873,1
0.0314853987675946,-0.29541157390103734,1
-0.7618653123895146,-0.697219559015368,1
-0.872965056188342,0.6548933088667426,1
-0.1852265380624472,0.17413204604275523,1
-0.6400657028766571,0.14741409964758612,1
-0.07002883194541708,-0.33253408524733186,1
-0.06312675565701967,-0.008842834846894188,1
-0.10476071567120639,-1.0785719728055967,1
0.2445251333145271,-0.69409391208108,1
-0.3549942291955829,-0.6970577885702464,1
-0.008199175618217286,-0.022048881203878337,1
0.16280736322807157,-0.7731862512853132,1
0.05589919756706885,-0.141970954882487,1
-0.4497407343377201,-0.6919266565445292,1
-0.22959171556848199,-0.7397922038243799,1
-0.07345200908499136,-0.6560447248269612,1
-1.2094956014887566,-0.21085851020591234,1
-0.4073984426500993,-1.106294552781043,1
-0.5430121160128918,-0.4843576607193058,1
-0.14607613622866744,-0.04244878733545357,1
-0.11855118366672213,-0.24144847595612934,1
-0.13447311386677865,0.10784708738700174,1
-0.124220646644863,-0.6154798823449185,1
-0.4461968312469532,-0.10963532017941346,1
-0.36237685799630137,-0.5339098048889868,1
-0.006276509576333911,-0.3423001083239381,1
-0.03775950657853308,-0.13677717932885858,1
-0.42381494181656965,0.05689638842453115,1
-0.05448420378648649,-0.36292686179978817,1
-0.3755030894114316,0.037630545974983776,1
-0.324075605022563,0.17598289335189476,1
-0.5438859184369726,-0.29635441178524025,1
-0.014889369056536622,-0.6476523198394294,1
-0.6187924478982993,0.2949677145751022,1
-0.40856088874963814,-0.6879171228825085,1
0.20015482901716944,-0.2225205115999377,1
0.39263069709819887,-0.642884454148311,1
-0.4229205668070046,0.22675601609773427,1
-0.9632699034540119,0.006535724088121753,1
-0.09031408013980331,-0.2068220748650845,1
0.3425935813071318,-0.3524423932017803,1
-0.2975400650506175,-0.7404190531016569,1
0.3897228313395299,-0.5587055986723393,1
-0.42926138951079296,-0.21247310353690335,1
0.0571979661059053,-0.38636530477640724,1
-0.43642087319657996,-0.3456036300836467,1
-0.17908509462120914,-0.3106898426732615,1
-0.6409812147846609,0.01592023029482459,1
-0.3286653296035147,-0.09239062035125373,1
-0.6382833703739934,0.3427416146897266,1
-0.041667132649573585,-0.5735944708681266,1
-0.38801336411609577,-0.047948846837085835,1
-0.10824691728905643,-0.595509405031295,1
-0.15041658085971454,-0.9576688925501458,1
-0.2513557809673508,-0.4567540474914073,1
-0.21446915620767326,-0.9462877224600453,1
-0.6174321423742261,-0.5138704782843794,1
-0.0019656826111581344,-0.5340841812117133,1
-0.016595865024326,-0.16152477444840174,1
0.1176868322134087,-0.4209725171687353,1
-0.5103956381496222,0.034940958133764494,1
-0.1373390989609805,0.007374884666733056,1
0.1219069872733009,-0.2554536578643235,1
-0.6118145755925337,-0.11287877250112752,1
-0.2160611130756798,-0.026537857248646185,1
0.35196400040051157,-0.41376737155995935,1
-0.44437254613870236,-0.5158142556972232,1
-0.5362275832019274,0.008597328089429451,1
-0.36342360561887854,-0.544160013516777,1
-0.7688364609544661,-0.4457980664346993,1
-0.12439818469864793,-0.19307869312256626,1
-0.14060774607771792,-0.08434805565884752,1
0.11562577722603518,-0.43300893118686445,1
-0.07858349255543408,-0.5721659894076636,1
-0.29047151259738047,-0.15925740109078032,1
-0.09129041078163136,-0.24769622386985635,1
-0.6182020944436339,0.24425644122478968,1
-0.10102089040394852,-0.36389766781638844,1
-0.4217870130293073,-0.12803891372596465,1
0.07889144865908573,-0.2815299680879016,1
-0.6642473850973455,-0.1627985931602319,1
-0.21399963309524084,-0.2635045020175216,1
-0.36184844575940434,-0.015315516950145228,1
-0.20659043067467364,-0.11589242824305332,1
-0.413732489328277,-0.2267804975083016,1
0.036136663626745336,-0.12824151221691318,1
-0.0641285866281901,-0.6861243070527545,1
-0.0926306890589964,-0.9187833921884525,1
-0.23959270335143637,0.07083233892737978,1
-0.3389703003694148,-0.1834204676162483,1
-0.04732607571127798,0.00651249262034298,1
0.32240098869614253,-0.4938492569070203,1
-0.05566844847251057,-0.29689739221376477,1
-0.3791341148986752,0.2516593788461928,1
-0.3185301773102063,-0.1778303726935753,1
-0.44607879488994906,0.27620950577682457,1
-0.3320845821533449,-0.1453090438203965,1
-0.0020437614302387525,-0.19745624773780857,1
-0.3307080137002655,0.2612263664393782,1
-0.13042635854666973,-0.22200739089423044,1
-0.38172517626146796,-0.23976755536906225,1
-0.26170095671920823,0.1613449970361841,1
-0.2729770397070356,-0.16487698609840873,1
-0.9860597670674466,-0.29696782637923747,1
-0.14296788481101086,-0.9077164558089957,1
0.2185341329157036,-0.7061306742334305,1
-0.7950340124466214,-0.4571510693589329,1
-0.4017965400915484,-0.07919050994387217,1
-0.27126229995772644,-0.4309669024379423,1
-0.2777454105483628,-0.16785915348022312,1
-0.6413637582965294,0.4834116965307804,1
-0.3029698089476843,-0.19392636170181693,1
-0.38582282345174,0.21426337428459485,1
-0.19824559739665137,-0.4393277199469255,1
-0.32593898426435486,0.1538763692001865,1
-0.030243907906088358,-0.4413670433959763,1
-0.162649204610297,-0.23258469368214743,1
0.12249804832695638,-0.19158383090115122,1
0.333655605595355,-0.5734851115331663,1
0.21160922596427365,-0.3352974852199143,1
-0.017753753444852735,-1.1373625032369095,1
-0.06285700869331534,-0.5629324231407282,1
-0.5983026979002563,0.03136343577980019,1
-0.08145269451192583,-0.08674826458350728,1
-0.2021825322257872,0.0469877052574397,1
-0.22635169021196128,-0.07366029406397304,1
-0.022828287689745458,-0.4789217199978302,1
0.07371771612314337,-0.5747557513091003,1
-0.17036269340434596,-0.05667251621598472,1
-0.4083126484694558,0.08078849743999633,1
0.4337630412111556,-0.5822865850495053,1
-0.7059023729752129,-0.5834226822122903,1
-0.2485180998893579,-0.22522428771938366,1
-0.3555125703873052,0.09447942814934948,1
-0.39257786779504855,-0.516870289134935,1
-0.5821173161194918,-0.18220748903273148,1
-0.32768446987266797,0.04694230823594034,1
-0.34104531452186904,0.29333315802302506,1
-0.40371249908336015,0.20336716246661096,1
-0.44565559832594137,-0.49002989093514965,1
-0.8099157028457465,-0.479525760712903,1
-0.3763695685816464,-0.05885999864971894,1
-0.5499463872286225,-0.29181149513366267,1
-0.2946560019780437,-0.16204329063952114,1
-0.5456320619312885,0.21114310296314592,1
-0.38832008161762466,0.130012413774598,1
-0.8730717377975559,0.21630235952825883,1
-0.27426576168651196,-0.32522030091576437,1
-0.2137002827881168,-0.28661894451529657,1
-0.13771773088949935,-0.17407619855518985,1
-0.3885497435600651,-0.07606160528002576,1
-0.5082271868066763,-0.444349723600341,1
0.019245837916364292,-0.3117975714287999,1
-0.4197244301081998,-0.5886234250788543,1
-0.5026611398953205,-0.013786983759382018,1
-0.9482907926523279,0.6897906986181331,1
0.15184040698756548,-0.5202969433899074,1
-0.29444674753303857,-0.19201269473826207,1
-0.3803403557810243,-0.32080034470218166,1
-0.37476145414490136,0.06254909177900214,1
-0.865801906835483,-0.47974770878172396,1
-0.41213971477853373,0.08311070435792103,1
-0.23307325120310396,-0.3608361666679458,1
-0.7446061395168224,-0.41094020378709567,1
-0.1526867594108512,-0.5120346109670825,1
0.21725356703707335,-0.304470110111715,1
-0.4380862623234608,-0.13364022468057202,1
-0.7241229240195981,0.07286861061417121,1
0.2358633150110205,-0.45394787765724437,1
0.04840750334171981,-0.5354584341961046,1
-0.7762080562818066,0.1380645893718277,1
-0.11687014505265124,-0.0504086166349316,1
-0.42998254691536686,-0.7082061945058772,1
-0.6597330410792722,-0.5518555782511751,1
-0.12666547051373056,-0.11321000421879132,1
-0.3564506515518785,0.07118838151651155,1
-0.3108328007306608,-0.10668183024308601,1
0.013103860066298281,-0.2452994309003701,1
0.055271028159916386,-0.42354696839535383,1
-0.7211496398764631,-0.22677491287012957,1
-0.08444327215270331,-0.07979707947344995,1
-0.2235304855209269,-0.05130679613775305,1
0.09957625870666906,-0.5005489103792113,1
-0.3318685386733512,0.33166588831372484,1
0.14441805773754635,-0.5329480399681248,1
-0.1624608115074039,-0.45812072025491496,1
-0.38762099219790214,-0.5711180882780003,1
0.01302684834974692,-0.09556779337544125,1
-0.1898264322693888,-0.16987184072932582,1
-0.4293302973167946,0.03146633147851402,1
-0.3972441147477507,0.25497121475922274,1
-0.565997252567534,-0.44672949502364456,1
-0.11427740385756455,-0.2695142529838031,1
-0.3490109526078261,0.020341897158610206,1
-0.6991991693411869,-0.20888172514675674,1
-0.3385909817416809,-0.10619647070244677,1
-0.483478037007984,-0.2766921108986776,1
0.24375287504646706,-0.2586267537577477,1
-0.2487901060651659,-0.5026729078497727,1
-0.7107222776138263,-0.19713064662103635,1
-0.2436079922813903,-0.02593538974464063,1
0.29439007206599677,-0.645667103713972,1
-0.16751675694058493,-0.19906810681999398,1
-0.40016029914528284,-0.3390888136332026,1
-0.08749967027779235,0.08581907764090804,1
-0.2459804792316949,-0.11046745041583732,1
-0.9757061918154035,-0.0645726819704239,1
-0.23666715624969184,0.2162865380442875,1
-0.4803144861334788,-0.8264406663730212,1
-0.1497375532219301,-0.4301064407223752,1
-0.03940628104998226,-0.11108998306943273,1
-0.282859387809803,-0.33685232825296285,1
-0.4944307448779315,-0.68134211441442,1
-0.8317929041647283,-0.4514961315102609,1
0.16319384582851362,-0.16408085618431084,1
-0.7855683640339078,-0.08673483247960287,1
-0.22079626027994112,-0.378849537695953,1
0.1444586349011371,-0.3718082773329111,1
-0.20427801775821164,-0.482369339920788,1
-0.4019936913462483,-0.6224219795000796,1
-0.30058096842024723,-0.17254787551402725,1
-0.42414391116305505,-0.80558817532455,1
-0.24632399404104668,-0.40572562531701634,1
-0.08501616715620532,-0.07698331428904528,1
-0.4510956766965557,-0.21062578308353527,1
-0.4293298947889749,0.028946498623457023,1
-0.12265824666784364,-0.5242151232337926,1
0.19746897701571745,-0.7573732901943067,1
-0.14781635171987215,0.04178661007759174,1
-0.5101997006009341,-0.4333602888714425,1
-0.38113647114219407,-0.4160216989958303,1
-0.024594617015332915,-0.11524472451037457,1
-0.2566171493449704,-0.8487032657234937,1
-0.350961480813886,-0.42018128627088924,1
-0.4248578764701624,0.12436125373798057,1
0.28154626607978206,-0.5432948249226512,1
-0.12385850791692617,-0.5948422649075337,1
-0.24680265296941922,-0.023562930471643484,1
0.29985418944577613,-0.5825816017042076,1
0.015494056960456637,-0.25602622127544544,1
-0.19267348310146426,0.06121465868069126,1
0.3272883239599338,-0.46904732294023815,1
-0.4566651414893578,-0.42584331563601974,1
-0.2250588029140357,-1.1903429274024977,1
-0.09330779803809772,-0.6230587982633472,1
0.2732243269326894,-0.2945625512649337,1
-0.11500192930563136,-0.23753385256509124,1
-0.7888560645523325,0.09769234229425011,1
-0.06926626012563365,-0.5962114741141151,1
-0.06446017170810446,-0.9310093273764617,1
-0.6156502716998745,0.3099840246197853,1
-0.0973081974353469,-0.1107507099510499,1
-0.3727427145153899,-0.1318826434749546,1
-0.08738206990416304,-0.21810646527507604,1
0.2583596799396427,-0.2882573284845782,1
-0.22370111466822057,0.019531745359237684,1
-0.06574504745793641,-0.18275402535583563,1
-0.8382041055081029,0.5349021744651198,1
-0.24497182780185217,-0.1093101247482382,1
-0.012265553021506656,-0.08467698881178506,1
-0.1352911163721689,-0.04493701327281477,1
0.17362060469298504,-0.31567680019022837,1
-0.13481842515542833,-0.7634169390761534,1
-0.7733709010924269,-0.004541517190350286,1
-0.13319955460874522,0.12426811077183447,1
-0.11978339843610264,0.09475048041963774,1
-0.12640294213821712,-0.046509595179732646,1
-0.6194883305083497,0.1259745230670119,1
-0.09313397412450318,-0.3301217042504513,1
-0.5141896263756999,0.11383170201976153,1
0.06164052346005083,-0.2201604597644824,1
0.42109411938173624,-0.9149590288469539,1
-0.020999668991055945,-0.6760563953662048,1
-0.5361137309055172,-0.3270435457988773,1
-0.17713803811628437,-0.2571568676045567,1
0.3337863265658252,-0.43743601230963536,1
-0.4765247502233282,0.05792820982324534,1
-0.6207466981163595,0.562687898627878,1
-0.9037508922247162,-0.004922284057089887,1
-0.08263360098086832,-0.6858195228197514,1
-0.4111964404851002,-0.25174682779846436,1
-0.7729683379695406,-0.1989292835743387,1
-0.21840886269670817,-0.4083554421201599,1
0.20795446997896647,-0.8782624203029855,1
-0.0345556885000769,-0.36238574065041934,1
-0.4193264120568263,0.06588088986256119,1
0.09358142961665863,-0.15605606567451497,1
-0.2991074690674348,-0.32398350494689443,1
0.28796975800543245,-0.3946516910619158,1
-0.39467174368563696,-0.3994419544120105,1
0.0397571019134505,-0.11736715378178653,1
-0.3791364178812109,0.29776574966176717,1
-0.3349566239954139,-0.4996078915491342,1
0.3423853422563857,-0.4936383918001767,1
-0.212265745178151,-0.029766896596136155,1
0.011365177830774592,-0.3100012133454948,1
-0.4353205617854282,0.2992494735458251,1
-0.22983948643390847,-0.38773829166496243,1
-0.13375176470139483,0.12109766552875739,1
-0.8814357897780098,-0.2037055539170184,1
0.04235511079960744,-0.11454898701945897,1
-0.7573625959017167,-0.511480122508077,1
-0.07147931444093346,-0.05562863852584371,1
-0.4669058829508572,0.20551457611475554,1
-0.35453810605532066,-0.28752357632007036,1
-0.09405578789554643,-0.4618189093396312,1
-0.31567695796900963,-0.24533776588233563,1
0.28292715274945757,-0.4185021900860416,1
-0.5209050406854998,-0.06231550366640119,1
-0.2746288600363185,-0.24971445937554934,1
-0.4372312935568706,-0.03469511402131606,1
-0.6461276890675359,0.14215081861514278,1
-0.2039275489842676,0.06998029004784115,1
-0.5988264019340146,-0.1840528248516226,1
-0.5528487917037606,-0.16725966717905383,1
-0.10188104193734056,-0.10124910889753239,1
0.03273151326484405,-0.7772558063363221,1
-0.25454015123669793,0.19112939752022573,1
-0.8526681150069444,-0.1516585400732518,1
-0.3103280424408109,0.13486776358509595,1
-0.5918173907785775,-0.10361056994177865,1
-0.5989258925865375,-0.2907366073032269,1
-0.07662859740490942,-0.26661523957682115,1
-0.3120347323756262,-0.02175664976072285,1
-0.4083114895888774,-0.013811124976222083,1
0.06732946675352561,-0.5891437353239148,1
0.05882552327641999,-0.38107824099256893,1
-0.4260808663284623,-0.305231072012489,1
0.002910780456541348,-0.052971319065518704,1
-0.15674258051490803,-0.09451239997559172,1
-0.40265673969615035,0.03582645966922707,1
-0.31604177476472023,-0.15231729779804432,1
0.06235902795002185,-0.2564481083810223,1
0.2449757669150697,-0.26830095897865036,1
-0.15626348669490342,0.09267181900939972,1
-0.695383920938339,-0.0778310939320334,1
-0.6118897171676309,-0.1836213710772385,1
-0.18449135750895074,0.023015888252777006,1
-0.1585876814891935,-0.07371979357854846,1
-0.5180615899317302,-0.24168845829334948,1
-0.16502580920116316,-0.33380144005786666,1
0.15343258194874546,-0.6833217855090314,1
-0.6443092531997909,-0.16505716991371244,1
-0.12295046927892461,0.006415992863279901,1
0.19666516083152366,-0.24581107085527137,1
-0.45385081869495325,0.1098893826182594,1
-0.24074023707587675,-0.22153908718413085,1
-0.1792172399598833,-0.29491208440090155,1
-0.7467998137282189,0.17944039807115475,1
-0.036822947972699235,-0.3316786329981284,1
-0.02792242944346443,-0.2794742544951367,1
-0.7342603606125735,-0.04645040803709685,1
-0.3822549903057859,0.21309523209130316,1
-0.2494828139543922,-0.4571149494346293,1
-0.7423442476754706,0.12808711271213657,1
-0.5261514363326073,-0.24345447932170267,1
-0.603068570486876,-1.2613939800461842,1
-0.2968591188228616,-0.26513328353341004,1
-0.6487803587898362,-0.03426609278230358,1
-0.45059904886805335,-0.5249863166712843,1
-0.8846923649768648,-0.035974842220114114,1
-0.015652695919531598,-0.1407909094270816,1
-0.14236677491423358,0.00977288650791805,1
-0.8061941281867951,0.5050595169127955,1
-0.1148052640695906,-0.2185822008933155,1
-0.8639489761087548,-0.1697035793954159,1
-0.921045212917947,-0.48945608205078717,1
-0.3129974380818103,0.11435521124570888,1
-0.10613340919845592,-0.22799200064822372,1
-0.020770030871086323,-0.775654813528148,1
-0.2320490169405432,-0.2875200725370505,1
-0.4520193792071757,-0.28595690345178015,1
-0.2242686320352732,-0.22207471789946623,1
0.049790322044298535,-0.12156836851356077,1
-0.6859485941764026,0.21102642649523468,1
-0.2321181161798025,-0.03644250846256078,1
-0.6150306989557195,0.6097558211574313,1
-0.3043658266605763,-0.6627359531563739,1
0.0057789261578456985,-0.23680382336606487,1
-0.22965755944056868,-0.36870196740924666,1
0.006154757883065506,-0.31910480518987283,1
-0.2354294223564817,0.09590062316183265,1
0.011972789794036126,-0.35721516714316354,1
-0.11065661212201863,-0.04361492586798564,1
0.06221861284189259,-0.09169873477225421,1
-0.20151529084922942,-0.14927595646350034,1
-0.48096965683243775,-1.0069304558786478,1
-0.24363915721413174,-0.49778773343120286,1
-0.12577498765237552,-0.6275370436984158,1
-0.6634678522268063,-0.014634066791976763,1
-0.5549839252369395,-0.5864563960964844,1
-0.4988597356270231,-0.31996778792835556,1
-0.6007289429055367,-1.0938332541514844,1
-0.47036005945674997,0.06517481886855445,1
-0.3720147642059831,-0.22010644600098925,1
-0.11869714755758073,-0.18267480967415956,1
0.20947184201843314,-0.2888628050824474,1
0.3266248355992488,-0.3330865283637001,1
-0.45960027097288436,-0.33151216740831724,1
0.01852948046953752,-0.07931720725779315,1
-0.2607401228880965,0.2518485269861242,1
-0.3447848777113015,0.07177941234402577,1
0.15018386329536107,-0.5330349450536475,1
-0.5082834141296024,0.21391328343728883,1
-0.3076445520924945,-0.8138742905674803,1
0.06699869165553354,-0.5109696324338036,1
0.2600847931872984,-0.7371800553250898,1
-0.30410204327855705,-0.42262807013494,1
-0.37883190785216914,-0.5985349259583382,1
0.08367011001194563,-0.3640656701054103,1
-0.08850147717141446,-0.39348121567155603,1
-0.9957126390710964,-0.0749755127830447,1
0.3614639312689738,0.5605050222088884,0
0.6306143142338468,0.24274212157937475,0
0.2520833695768111,0.5649252154392312,0
-0.0360145830928838,0.1653124750739776,0
0.6366155501605707,-0.35486281691794486,0
0.7641415266844546,-0.08533156892889748,0
0.3798719625421866,-0.04469980370938473,0
0.1623260070553766,0.34679834833844636,0
-0.23751477849942745,0.28918190606056804,0
0.5962790082173761,-0.23188455773407624,0
-0.11334542081541285,0.19575000888689878,0
0.42375163319943476,0.4760996780039687,0
0.2553102657983675,0.26371659513709456,0
0.7197015623726118,0.16878486012070215,0
-0.09239513875596139,0.40482330495978397,0
0.050527958588277924,-0.024224776807445003,0
0.500604330689816,0.5926624273485378,0
0.6059990483497457,-0.08289155362507558,0
0.3059802274826702,0.3967996067384121,0
0.5290649168389737,0.05022715555084367,0
0.22219573498200978,0.24180333145022476,0
0.14445036626554997,0.007720027046532393,0
0.8216630299272413,0.2464472465153711,0
0.1849342569360309,0.401068897269366,0
0.44332896059317894,0.18795454701636216,0
0.07430847526865271,0.2197227958315535,0
0.473362555250171,0.3387036829361171,0
0.269340831775865,-0.034319922988835905,0
0.5841755264333042,0.15744671068157054,0
0.408610282931122,0.10176811554741755,0
0.24983177456503183,-0.0820378346221213,0
0.17052933097622489,0.6486512691356127,0
0.5809114984204632,0.6548697261958353,0
0.19756664196382745,0.43423979606311897,0
0.5899769363804918,-0.07377592709048339,0
0.1794306218810698,0.276467275378079,0
0.3767100467219391,-0.010843255488645065,0
0.4059217448365934,-0.018224842397149055,0
0.31138050406483025,0.12189933334290742,0
0.19422465395535932,0.6675391490417358,0
0.7749690105946881,-0.35156551314284756,0
-0.004704746015453676,0.37879229216444366,0
0.19617881527911923,0.15289325067225654,0
-0.4462509510443752,0.8272975775559362,0
-0.14502400337287955,0.4061746405633793,0
-0.07596401178692164,0.10883854124514322,0
0.6291462144293689,0.14834871352257023,0
0.4516684241199662,0.03674737027253128,0
0.03522749755057236,0.40197305887395,0
0.13805884825177087,0.40544583705295445,0
0.5128511703272463,0.18893670037735077,0
0.23566055247031029,-0.0997157848137887,0
-0.22566133839985777,0.37892333265168693,0
0.0859739778255756,0.3045043000216472,0
-0.4915938907038876,0.709011478204701,0
-0.02204647863501237,0.6482082262261204,0
-0.2809512042275585,0.31878127706070686,0
0.3899486938143575,-0.16420422120810796,0
0.4981187579438756,0.0692111710896295,0
0.506579400101046,0.04945114407863417,0
0.14413254490642893,0.18751317715591112,0
0.4098535433733075,0.30467401068676914,0
0.2766183671217162,0.19764662750815332,0
-0.058056639340782146,0.3667370108901412,0
0.155610680100317,0.1821920569237814,0
0.33707578768927204,-0.23350145075402456,0
-0.06697524980080505,0.3251186692480454,0
0.1485771157559879,0.13791869981255317,0
-0.17135469982982862,0.2813803377906551,0
0.10024075635557161,0.24107576990842322,0
0.5817604759420529,-0.3816386667809545,0
0.29411875895503525,-0.03568425536556538,0
0.19918518615502137,0.8072026295953116,0
0.014867874483567939,0.22761161069392152,0
-0.09549332126552354,0.3245153408295765,0
0.4832361320294106,0.29569274424870706,0
0.3022043814527572,0.19111151887039193,0
0.35039256563303833,0.12913009400649855,0
-0.17106968989739804,0.41755997789272487,0
0.3649744936836097,-0.05942305718426183,0
0.511237944112391,0.415646778798906,0
0.19588792692130091,0.2675901046695822,0
0.15528001921290766,0.3266882857691426,0
-0.03555902873939418,0.05871085611823647,0
0.16356841428559904,0.2790889341432374,0
0.050027816675922,0.012022050025765924,0
0.17847566608466364,0.6839061432908624,0
-0.21386430568147516,0.2693305426277937,0
0.6537902783369652,-0.2191402205246254,0
0.4686079442025026,-0.4313365122325147,0
-0.02959377034687488,0.23860673658120413,0
0.44685631897096567,0.1376640484120806,0
-0.12693768008556267,0.26223421820685855,0
0.4599364828970828,0.5344958257764543,0
-0.1514870695445378,0.4781631695415824,0
0.051835309780022966,0.2358942867490072,0
0.3910866974095738,-0.1650819352361888,0
-0.2278370677661978,0.4875739922941684,0
0.23086754458002126,-0.22761201972044148,0
0.20492201174964006,-0.034597414416438266,0
0.3947305760774802,0.05360586306883457,0
-0.13210913540052927,0.2651233779577421,0
0.4653168709843747,0.2618109631944786,0
0.4525565564842874,0.10081966766637425,0
1.148199986573475,-0.1313349360604983,0
-0.03682054010471167,0.21515179667949452,0
-0.0928457933938045,0.1968944265020053,0
0.2938781210739996,0.15990842408106523,0
0.7166394637912308,-0.11570777961818018,0
0.2716026286370482,0.04200624250109909,0
0.45461193921569043,0.00661886183547282,0
0.5632464857262487,0.029466664669519346,0
0.1905786640837916,0.1473963494011719,0
0.17801267443860103,0.583310545658774,0
-0.18617802407921122,0.24245387993472628,0
0.1760874474200766,0.4461814990570279,0
0.375279034928242,-0.27372920478933394,0
0.5718746470652659,0.07714857083394289,0
0.4599199598873541,0.41775291923024577,0
0.2751847571155961,0.10035441519782647,0
0.286290816071059,0.11343546307895162,0
-0.11970975555378816,0.4545752820233203,0
0.5623679910537386,0.5762759232625743,0
0.8795979226514825,0.2847204307590453,0
0.1673204386534618,0.7217569656807008,0
0.05999222719250547,0.08867052022548502,0
0.27640984415876635,0.7187381337489344,0
-0.20499924572457465,0.2907657241303274,0
-0.07483627206893789,0.38884864862914065,0
0.028678355415122134,0.2063004698578642,0
0.21543736951173437,-0.1714867998984957,0
-0.08903584509801171,0.49446072965355875,0
0.22953248793118092,1.0679740635518478,0
-0.3031666117271047,0.4024041807092387,0
-0.06139255443710126,0.3458217476702156,0
0.21596371087828192,0.5277183295091274,0
-0.2243148758974052,0.24924437425013335,0
0.18912772181708115,0.7329934370594826,0
0.2482413291764562,0.46704568217743514,0
0.6133027530302742,0.3416435082842627,0
0.2067270014941307,0.383420097598248,0
0.10661084635611463,0.10118395479839586,0
0.7141016756132034,0.21708315952947588,0
0.5953714741727306,0.30829610221286396,0
0.10410233450370932,-0.068329856105836,0
-0.04292690305757965,0.5131055272959677,0
0.32875138463122267,0.4356276491873118,0
0.27029115320991604,0.07142973302989482,0
0.10612279419280929,0.13186323850710718,0
0.3603683330782498,0.29720151163186914,0
0.27029950466501473,0.3702375002522255,0
-0.0796625427959245,0.09100681228133198,0
0.37621565484373864,0.00389272403956209,0
-0.20412618892064724,0.21486681200608446,0
-0.1331398896528526,0.18621387144594784,0
0.5437911995214473,0.39333000776689836,0
0.6459400371641131,0.03849416222513488,0
-0.18253223353536266,0.2055899527127108,0
0.30610953631334165,0.633527071780434,0
-0.2709365898724664,0.5466305736026604,0
0.7821091996503986,-0.008216849584246927,0
0.33841937900637253,-0.03582096241969243,0
0.2668132182743398,0.30958616717594895,0
0.14085802892855864,0.223141830036624,0
0.05906831155424288,0.06772769904097556,0
0.15514090629356847,0.11397269161409149,0
0.03750014649186282,0.33791113433889375,0
-0.0457405088120659,0.3024863319422121,0
0.44728547501977345,0.29287890125244587,0
0.5044723073086035,0.2131985893535798,0
0.12327240500838758,0.22206854375070087,0
-0.03925008007594585,0.6240971926150162,0
0.29907019916645905,-0.24087537790060187,0
0.35212741864508623,0.3290814230122905,0
0.24470661639365368,-0.11250641649661286,0
-0.41644909589764934,0.4566423130881224,0
0.5146532045217866,0.1369809627648929,0
0.6607242494986396,0.6220190866897138,0
0.2770539764986655,0.08722035146161798,0
0.5561200706787183,-0.1495783451833047,0
0.2619521791839518,0.3690087339413328,0
-0.004181766000801654,0.17671188904479695,0
0.9213536167281042,0.3949602834554597,0
0.3230805121821013,-0.010879001006020017,0
-0.17398410456729121,0.29161766932778077,0
0.35400449048738925,-0.12324051239655459,0
-0.024748451455766193,0.26271197673036684,0
0.12614375570932054,-0.026602890025606812,0
-0.388042758101774,0.5629992704320891,0
0.24553713869825422,0.41790212215754935,0
0.4088644791794501,0.08156045425848367,0
-0.06899290214473136,0.3340959694975165,0
0.29663866470040656,-0.1460366513968135,0
0.36328472726217265,0.16350881036738432,0
1.0907461984530098,-0.07061998661824265,0
0.4639214980083233,0.00661030495739412,0
0.31829327030581334,0.87735496366178,0
0.14871113981370485,0.2814240292665843,0
0.5754845204216773,0.3342721625069397,0
-0.0033007570510449197,0.07483776834347777,0
0.1601784576035799,0.18338557935807964,0
0.27114537815693285,0.45501082392154135,0
0.3879030160848156,-0.15749957916565588,0
0.10609659614451462,0.031852643949787485,0
0.48141261813390046,-0.35487094306737454,0
-0.10126556506250389,0.27515649234706757,0
0.12893081225907704,-0.09454976865565146,0
0.42618781770368275,0.5017878560457123,0
0.192735268467537,-0.04065789439036041,0
0.27348305537714557,0.22375086519927162,0
-0.09278634385717335,0.47374350989991265,0
0.1390016035716414,0.2617257458452497,0
0.5576334904859562,0.159156620347573,0
-0.008352718781494448,0.1264148006399084,0
-0.2718599415272146,0.5144796742323174,0
0.23372694831364582,-0.13324206584318088,0
-0.04677110814686361,0.1337848770097577,0
-0.08434753990599592,0.16665244263767914,0
0.02692108433056191,0.344297636398604,0
-0.026570656011209892,0.46569434459279374,0
0.3899613672524007,0.48668738443225273,0
0.5421721469822374,-0.08505730202019762,0
0.041379662200459265,0.3337892666177523,0
0.3420723029603211,-0.2464064708149658,0
-0.22322506428911595,0.36800199252826205,0
0.6292243314878413,0.7415790270815376,0
0.31054446215817155,-0.21469330861361569,0
0.532623349439028,0.25200994494471346,0
0.5246987050515717,0.4695783671701888,0
-0.17761452507958078,0.2024855882287953,0
-0.05493381491457339,0.5247717938070744,0
0.06439845908708763,0.5867217868107838,0
0.21079057154772501,0.36992687418366166,0
0.07827716705173281,0.4984031360247192,0
0.09641971475435085,0.07458898721722916,0
0.042014941011702424,0.18800738263471556,0
0.13379979327987523,0.7308601844277585,0
0.13309250131315978,-0.012368941793511001,0
0.02003291959219898,0.6770601007813845,0
0.6835619970056244,0.1412583185925435,0
-0.023249523246173243,0.29995163917594037,0
0.37877299797420694,0.4338119702333833,0
0.15142103531992004,0.5308003665044876,0
-0.11375754823182213,0.33372294392494073,0
1.0150165900667383,0.16402715871042411,0
0.014583780154099113,0.7054955277631894,0
0.24960706573579983,0.47203597779876066,0
0.5780185616738899,-0.5557306710135537,0
0.41809320516077497,0.16200885075815344,0
0.6071463097724007,0.18696515764914381,0
0.20453204872242753,0.4008419755433407,0
0.20760652652404005,0.09150423551084666,0
-0.08714459151323772,0.2972630084924286,0
0.5100888150312812,-0.35050914520407334,0
0.17803824173836036,0.4631592699889589,0
0.7034811210602374,-0.03756078865021162,0
-0.18887758657492135,0.32721287463872784,0
0.2885388083003859,0.2355893770234921,0
0.49478172487060945,1.0230476622246913,0
0.20193771838050148,0.08919145257224856,0
0.6102197488081802,-0.017077431754936506,0
0.2718614238485188,0.11607350243359606,0
0.15659261088754756,-0.00614432606942511,0
-0.04270336122608251,0.4297290025967939,0
-0.26769641949379874,0.27615784131573984,0
-0.27999986654938525,0.6831817765553428,0
0.09630442284034242,-0.02745441130162607,0
0.41639654849881513,0.6746727279270752,0
0.19799219158222434,1.0535856979847473,0
0.6733536306506788,0.17974538055555547,0
-0.03179946445763679,0.14147967989159016,0
0.0027863316511463343,0.9984891652081738,0
0.2716627488898655,-0.0769736690454971,0
-0.048617422474939165,0.49945365250515616,0
0.5024255945265805,0.975856810088087,0
0.49549800353106754,0.22275880148572397,0
-0.36504779579446955,0.450804508175881,0
0.3363717757257744,0.4497238628542725,0
0.5462421911165817,0.6455385899392336,0
0.9153646428435193,0.1153669029222841,0
0.38686458007268987,0.6306197328693764,0
-0.05176194004439244,0.3429512421678982,0
0.5278011803274533,0.3277064927418459,0
0.49192414231479387,-0.278224051653687,0
-0.0459161463216593,0.4873001761805876,0
0.349030131770714,-0.3097781499848979,0
0.015461760471510072,0.2602081713276855,0
0.45377082478431563,-0.2957160147949316,0
0.46269043024487766,0.5077882167000605,0
0.744302146546411,0.4758061534408134,0
0.22098079473089705,0.3344129780920865,0
-0.06773354194706208,0.668624307261014,0
0.11183257394277367,0.11789409699146713,0
0.0076270993720362334,0.5120250932790309,0
0.5945465674224996,-0.1297559807932655,0
0.14983428265591914,0.45061832749727426,0
0.6265657184884854,0.3329654355721975,0
0.36277413789840096,0.6281680908365095,0
-0.07501235847440554,0.15656025819092198,0
0.07053398417710705,-0.06744947923869224,0
0.3463749193121556,0.0452038460938579,0
0.35888136567366913,-0.024417617000957237,0
0.20057804608201507,0.9157768972432269,0
0.6265859183171354,0.0922952446694976,0
-0.510877286870569,0.7596625661079329,0
0.04484994912211613,0.0939098146705836,0
0.40706507844998263,-0.21220817743372028,0
-0.5130726307051564,0.6343616117394848,0
0.6630662883510496,0.2369818631590852,0
0.42194584556285963,-0.3328528387610129,0
0.02200527403622947,0.5220228580728616,0
0.25352237707082015,0.1465040096762593,0
0.0003275442869979106,0.44629434649889294,0
0.8877110371445599,-0.11311574556361437,0
0.4698357446259166,-0.015323382516130885,0
0.07855735599370421,0.5754879764936192,0
0.19301770833404447,0.43078444704848096,0
0.12491041189551604,0.0731479647263209,0
0.28355413594718326,0.20467327615583136,0
0.031351624560845365,0.18199227213069968,0
0.10817235044355519,-0.08403553414133677,0
0.1550515285120062,0.07854222144175466,0
0.4521512476352525,0.6931575397961371,0
0.39735737389993186,-0.31354392805863224,0
0.18484867649419354,0.33968675408241733,0
0.433194682613142,-0.2628199269297218,0
0.36258795619885065,-0.09894770681998918,0
0.15230010975755293,-0.13139685495183373,0
0.09304966898085079,0.24235991106373772,0
0.09156918269701911,0.3178655014674058,0
0.29750246812741643,0.008416422048636504,0
0.0177517143761856,0.18615956413349802,0
0.49685853698700866,0.03787564030721331,0
0.27173419291326695,0.015241548141967418,0
0.1418605745274168,0.3920682773808704,0
0.6039723569078402,0.19244651696205417,0
0.32806516305242117,0.2820330141652669,0
0.62843410262081,0.7642498458012913,0
0.6841052484198537,0.07445737065705582,0
0.32560080488997833,0.25455602553918144,0
0.26745723395957394,0.5094002468320213,0
0.26286801201747,-0.1758141796553817,0
0.019684203070827286,0.20583348846058452,0
0.805200833507897,0.7716869154868383,0
0.060925302362789896,0.6272819399143084,0
0.5726974701910074,-0.24220848000905537,0
-0.07171100298361388,0.17330711004212088,0
0.06656341329975833,0.021775004421978036,0
0.4031430177946751,-0.17388514489270174,0
0.05741454805777024,0.1278636611878761,0
0.09074354086931083,0.08825948539709436,0
-0.09964839831686526,0.34631846670992955,0
0.1971624807820834,-0.022878311760564346,0
0.4761443402799218,0.02983673257617242,0
0.39530436326397833,-0.21494395117902443,0
0.18931752459011067,-0.014868374687191488,0
0.2573777643751887,0.13201863229769628,0
0.20820740710608884,0.42025907956480196,0
0.5282462813964528,0.9255848184242881,0
-0.0562585471688391,0.13839176083826532,0
0.5111858768285403,-0.024844535003375773,0
0.5616864832721035,-0.4035422985140188,0
-0.3242265516086852,0.3860901807192408,0
0.3383480785323461,0.5726426898632945,0
0.32428661239732953,0.1687938617537174,0
0.08575735708357693,0.15515697113772695,0
0.11443035811111457,0.2143992904810603,0
0.8812640226605436,0.19581503366819425,0
0.11115034258546473,0.5462091092748375,0
-0.06463233423085832,0.29792106062266444,0
0.05170674245750674,0.43515107658710256,0
0.10456981293607337,0.1812059562892971,0
0.6535947747397233,-0.18829796392643577,0
0.321048950664963,-0.06581357763337883,0
0.15414606690466245,0.15848233478309756,0
0.12560889064980885,0.3709369863530365,0
-0.04155882074521905,0.0513626411569183,0
0.7196626095541683,0.17280672309438666,0
0.15134415500672682,0.1017211785416617,0
0.08691097369042003,-0.06904256711822865,0
0.4827071315510797,0.595343503056974,0
-0.3351610298369485,0.5455682117379999,0
0.40946907482880823,0.09845638170831565,0
-0.1440243290304923,0.20416420946764108,0
0.2966939576040355,0.24799524498455655,0
0.4452863090383188,0.4131268535861012,0
0.41487169471107954,0.3681237878692464,0
0.16963353168886874,0.07756062125251255,0
0.6055340591134659,0.0008678343627010476,0
0.011100392474631182,0.07787804754000074,0
0.30502180670221524,0.08618793894262863,0
0.4304328698532578,-0.011082386504012026,0
0.20509719020824246,0.6624729359781344,0
-0.319724509861093,0.3998071274151357,0
0.25471180209455524,-0.053022597363600155,0
0.155273231719486,0.6159234171799092,0
0.4759410378820802,0.43506999905668675,0
-0.08154835981726166,0.15571843430289173,0
0.16977833072476353,0.05348033451101529,0
0.6224670887415075,0.38501378287863736,0
0.43815250572594755,0.2845665504770614,0
0.22110829833040602,0.049212253382938456,0
-0.10705746703138322,0.5125362177907571,0
-0.00419139961080095,0.5486603467521285,0
0.1355384546066824,0.33478960449145906,0
0.1196279481734892,0.2551295153926493,0
-0.3305621251447922,0.38142395366239146,0
0.7080936113240139,0.18017375306769381,0
0.27126313600822427,0.09289371550203199,0
0.04086719657393676,0.48192338559257303,0
0.356309018544829,0.3120677504656145,0
-0.03367410004866894,0.04509232912701949,0
0.06616146107875674,0.961765286650282,0
0.4730316781892291,-0.22357191081033617,0
-0.2471446170347714,0.4666719327960038,0
0.6281303122094696,0.09136483447697315,0
0.31865102245694965,0.46586873610443724,0
0.8621544271214643,-0.07676455987133102,0
0.2713806151185372,-0.03457503031055814,0
0.524549658383363,-0.12521655417971767,0
0.5681537135381153,-0.3482174288898112,0
0.009520051657271586,0.6297720951934807,0
0.09148092104448179,0.25921092468170115,0
-0.3601664972207448,0.41787874335213343,0
0.118248708748451,0.27715742695995993,0
-0.09011182242335511,0.32934705620115656,0
0.015696772592735442,0.03297106949243514,0
-0.0013560512760034393,0.2735878182721916,0
0.16118617210722888,0.05844291898617923,0
0.22929047277554634,-0.08870630713368244,0
0.5125683187406682,-0.0512863597319837,0
0.01448463809172812,0.46506686958793425,0
-0.06858237891825436,0.15553347503667375,0
0.05407926250620584,0.2504201048941509,0
0.46865012232873193,-0.36559535709907726,0
0.41701739636259283,0.024605559406208705,0
0.1637176973397798,0.07321355383392544,0
0.6618063053807454,0.24093566949311895,0
0.37886597235550556,0.31959809707283304,0
-0.34451890271853913,0.3525262794084809,0
0.17864917345571332,0.2246144713388252,0
0.3292644973340503,-0.25188046116725527,0
0.5315431747049956,0.09787066125660583,0
-0.024743636414194012,0.263143667041398,0
0.7581987191585666,0.5167312796813199,0
-0.21691612348455389,0.8362951430153472,0
0.06089908295430721,0.18032719410634757,0
0.19575001629570987,0.33576608285080145,0
0.5544078117776089,0.4122908241977229,0
0.5211319810152618,-0.24573111736189673,0
0.14305087429563917,-0.01949780262776657,0
0.2014682145677749,-0.17059105984063222,0
0.06367656787832522,0.11210358480831582,0
0.7932222571284369,0.010151120111998119,0
0.301398672369971,0.292440646051191,0
0.0009545709860399182,0.16296076780253005,0
0.31895833293319253,-0.22186984599908827,0
0.27557890836181803,-0.06418522295146223,0
0.057365331005410074,0.33484648207289996,0
0.0768227280401293,0.39105443904961923,0
-0.26770001622561257,0.2790993476961574,0
0.32493646278574184,0.7423952660762222,0
0.2897170219438965,-0.2643858968126417,0
0.3300015886353713,0.28058322772780414,0
-0.09365161057435217,0.22121368371448547,0
0.1661737827633935,-0.0637012974981285,0
-0.2241692002558773,0.5047786227471793,0
0.43228428666401,-0.1633237149976136,0
0.011437319866253445,0.09544212867243052,0
0.5843505445990831,0.06552154028841078,0
-0.16202811309122647,0.3487209856350093,0
-0.002053785397176211,0.0726403001091213,0
0.4882062201053784,0.5747979813901676,0
-0.18715186168934608,0.44356095119468414,0
0.1812268030730125,0.0002682317760209496,0
0.15799542591836743,0.6618706594363859,0
0.10667493425924729,-0.049004358023642364,0
0.24405621930883264,-0.23452489375502733,0
0.037753904930947,0.2391652240944238,0
0.3091889966798764,-0.0002016815910008407,0
0.2201659282938472,0.651393209948906,0
0.33538423440153,0.8016647243991758,0
0.6339285490066476,0.1787870668809718,0
0.2754757653113207,0.5294750920426545,0
0.19974226853235336,0.1536014010051459,0
-0.022730846794433074,0.8645191395395512,0
0.055452798095812966,0.5195341454595206,0
0.5044575005452376,-0.3684090902647996,0
0.19595237530951476,-0.14249404539731797,0
0.15554604472074543,-0.12235915318468282,0
-0.08517860526295445,0.3692419578867818,0
0.2139291848450738,0.32166534248023115,0
0.48219007518639734,-0.12331280462337968,0
-0.07288763763394737,0.4094405800384288,0
-0.3025129652902071,0.45090519848083915,0
-0.14962324475442054,0.3309924218207907,0
-0.10413605112457563,0.37333850764378573,0
-0.16960529360453866,0.42719766733748105,0
0.5293537865357663,0.0569161785264293,0
-0.2649737134502803,0.4050054226388015,0
-0.10786286337902484,0.28709288871724425,0
0.2401387889220779,0.41514321897972317,0
0.15973197433700403,0.3361797814916595,0
0.11974025219399612,0.5287700529470729,0
-0.312690293867515,0.6866606279084408,0
0.2986371456972608,0.9492359214110023,0
-0.021426836555510656,0.2685593140817535,0
0.17875067403705086,0.22438252872128242,0
0.01757649439121313,0.2979304327681801,0
0.2941420969596107,0.7743605195589035,0
0.41786281244120504,0.5076374558240737,0
0.10215702415091028,0.005178731042982124,0
0.4431484147062221,-0.43913877974973325,0
0.025064630612030833,-0.023661508136417236,0
0.6527025863759651,-0.03300758847420984,0
-0.325375829164981,0.8600032980286672,0
0.7243949470686714,0.022576632753706846,0
0.924543522438293,-0.37831201567868533,0
0.10295805842707317,0.38670713731765144,0
0.3465097861277559,-0.003748407188525482,0
0.3974355742939978,0.8801675481635953,0
-0.15174359541049412,0.23974975307112834,0
0.5195187777121807,0.34072701761830815,0
0.14710448481006405,0.3527441363603727,0
0.4264341718692778,0.8052028324647383,0
-0.073699177238529,1.0535069623462405,0
0.6677430776670337,0.26740162288177616,0
0.41703577770789135,0.4485838649333854,0
-0.45263860529914,0.5539751408486602,0
0.02989188427510943,0.010885616852382582,0
0.06262272797595672,0.10223776005867162,0
0.5612658613929119,0.2633026398970417,0
0.5631948016973146,0.004616392922077911,0
0.3869212368688334,-0.2439785706107852,0
0.01241962947817378,0.25114548202381154,0
-0.07456693369229492,1.3862906980226621,0
0.4404789082514484,-0.22938179197893277,0
-0.08274162292104936,0.12366146375403393,0
1.1272256265563207,-0.2091407445950783,0
0.27482826231702884,0.07165630623460538,0
0.03538153427888277,0.4113967518657791,0
0.10114797910074923,0.2193326031168588,0
1.1476170495531366,0.5272750005786854,0
0.954086775398618,-0.18467191635254415,0
-0.21797336381399016,0.41421322365880026,0
-0.041368254474104194,0.14594184044070443,0
0.09851012066347155,0.04045426646602228,0
0.3615178958093098,0.1125703584060756,0
0.5143945322793207,0.18501922405051174,0
0.1223324953321129,-0.035556611981535785,0
0.5279291862956187,0.2673617493531424,0
0.737018973903519,-0.011895316295399555,0
0.13903783009770415,0.6415319261804966,0
0.38429434407490626,0.20116216721204627,0
0.06129199152957531,0.7023416258751005,0
-0.20805891322468703,0.40136691858523754,0
0.4093018660462652,-0.37086400926197804,0
0.24652936493885724,0.34036570602386806,0
0.2366845447360659,0.19574175927446602,0
0.1852078843070865,0.5761668341241857,0
0.5088971079011696,0.12253689463197912,0
0.36402373692368084,0.2394079794172601,0
-0.16671835339798372,0.1978472088227648,0
0.5902613662643749,0.05804501042041829,0
0.039431342163977874,0.2600844023105929,0
0.3219653248816584,0.6734875254466413,0
0.34321159506317245,-0.05763766941296916,0
-0.173827814597346,0.19364709467729968,0
0.40482038030772016,-0.21490611976282115,0
0.15558148309006103,0.41478050871637967,0
0.47191040534134476,0.04816188160387577,0
0.9126910879239258,0.9011470266798731,0
-0.2545931769272213,0.3161620509278109,0
0.11492259941262177,0.7751948243056822,0
0.08765923068870932,0.3214631867020028,0
-0.06977030281187385,0.2759231150616829,0
0.25914170962631106,0.5473203071055699,0
-0.13340811161859664,0.47653671275978027,0
0.33080080814918744,-0.18608115399771857,0
0.62281525713137,-0.2580673521798362,0
0.19686375666919048,0.10144986677830234,0
0.568603278443363,-0.4684841015478495,0
0.2728273015118542,0.29409936524127533,0
0.14770230063909734,0.2663257068124981,0
0.461045919340199,0.532633796548132,0
-0.2507942841665859,0.3377770203946021,0
-0.08231462535062883,0.6381792321765802,0
0.1265062007525493,-0.02044356368988015,0
0.006308561642814736,0.26437694847496507,0
0.14036343751666439,-0.12847983042088068,0
-0.11360999132573407,0.21932536819140713,0
0.3054572872339021,0.014896686683479848,0
0.2926423153558355,0.5471345102544951,0
0.34539931580076044,-0.09789741114742115,0
-0.24754601791268258,0.49992087392569023,0
0.38032911760208044,0.08251434341060872,0
-0.047696545033926646,1.0660215490938536,0
-0.02175852869206743,0.7259198286763224,0
-0.10312091282405098,0.7589883959642125,0
0.5524364602985039,-0.11492948367326666,0
0.039484636407411185,0.19073711520111564,0
0.5537742619948063,-0.22788385191739402,0
0.230028165875668,0.5461844279974823,0
0.13771764755870738,0.2865464254725717,0
0.2333534149830104,0.547152169553365,0
0.45700961793567807,0.6096482317596872,0
-0.05204883442297781,0.43111673007377843,0
0.25505243467688765,0.3267976017643388,0
0.8884643055736461,0.7458254182883864,0
0.18878582630092738,0.03937875539225849,0
-0.02002625164467349,0.6560832961588338,0
0.5663724286780787,0.6280698966397489,0
1.0682546198278748,0.1359703342003077,0
-0.1798500356016677,0.3570027890404279,0
0.1782451039395092,0.2522150325053052,0
-0.2653164484190025,0.4518408555510395,0
0.3058181391738265,0.17763912425825829,0
-0.40449878600023537,0.6733131342021516,0
0.1800142537074274,0.7705089140721159,0
0.27817578985344565,0.07748977996293263,0
-0.2369610182614845,0.29321855704416444,0
0.03686006297255286,0.1740094771398383,0
0.4102027707732946,-0.24071565078783863,0
0.3430480629143754,-0.28109328595493766,0
0.09326288428833554,0.259633146121541,0
0.6485925512371328,-0.2707204112784651,0
0.8290911753536612,0.21597189159007704,0
1.0684090150258279,0.27217969380012824,0
0.2929763029854374,0.17956094978547568,0
0.00250072658330619,0.07268116132041097,0
0.4682832018492633,0.019440597946741883,0
0.017286451842086714,0.0748267535045359,0
-0.07681890473743896,0.5427189317178476,0
0.4422422412310446,0.3154424655919554,0
0.9841072188049163,0.07827433756577451,0
0.4776785829321678,-0.04217620071076589,0
0.197710417420442,-0.04372937696936116,0
0.1566305351622994,-0.06357406338572733,0
0.24212875506316373,-0.0026814100418149356,0
0.40674596901451965,0.2500048422422658,0
0.31712364819032757,0.12337223948980755,0
0.5239360708595824,-0.3608041444489673,0
0.27919592330097814,0.4211935839919564,0
0.5714931159036972,0.5628970882056984,0
0.4121267965724056,0.6391304366796247,0
0.3632127157883146,0.6834737605103696,0
0.7076099418005068,0.028031879187810207,0
0.7066931982389624,0.08347758118736225,0
0.35096845710326696,0.7087692963238195,0
0.24244039571261045,0.6645189622167423,0
0.05985526029859162,0.2749421932033831,0
0.4390208248151979,-0.1132975860863833,0
-0.0235317540042025,0.1941566024734641,0
0.487948335728157,-0.28507590948456907,0
0.1607841614046441,0.13389267127598165,0
0.22647858947091684,-0.033894766778950286,0
0.2918515474448031,0.512410631237558,0
0.6456421843257195,0.30610894029444424,0
0.40775458561190436,0.21029932131787465,0
-0.01921747510939152,0.4284604668020787,0
-0.14402495217855796,0.310212642206394,0
0.6207048125130633,0.5060062256258997,0
0.6142139908729704,0.12527399051525526,0
0.07564568328401902,0.757435150624037,0
0.07544394246082174,-0.05307943310362112,0
0.004193117193347945,0.678371440856814,0
0.3438857624274175,-0.1081000122153373,0
0.48292467609089984,0.6504063580140275,0
0.8946387524315041,-0.013128539123659883,0
0.15610605800713603,-0.004092062527326218,0
0.2705751686034016,0.11427948661596937,0
-0.03341988010590988,0.1629430490991618,0
0.0863717777921828,0.9335690129930707,0
0.1707019439919599,0.3569834066458646,0
0.14857706980824267,0.2845307953580315,0
0.08225314531733446,0.3359532292777906,0
0.15601055637507802,0.20347148926876857,0
0.2978902202149838,-0.2343598894383963,0
0.8725992653488194,-0.24554949584266694,0
0.1168447158185686,0.712031461348531,0
0.2614803735586282,0.048477773250002534,0
